{
    "W": 500,
    "H": 500,
    "num_targets": 74,
    "targets": {
        "0": [
            348.2107209260228,
            344.00127009363354
        ],
        "1": [
            355.9094438617658,
            282.7578127266805
        ],
        "2": [
            348.5769010691448,
            294.5550272738573
        ],
        "3": [
            393.56198384403365,
            335.01277263782606
        ],
        "4": [
            366.0961650230639,
            295.6133839118024
        ],
        "5": [
            381.7909186350234,
            456.80891193695146
        ],
        "6": [
            396.50475014623544,
            316.8986008656003
        ],
        "7": [
            349.9109503606901,
            406.1028367117575
        ],
        "8": [
            483.80681711280084,
            321.8800812063908
        ],
        "9": [
            445.55085518360886,
            439.1530748347015
        ],
        "10": [
            444.07947203248773,
            447.3020213488987
        ],
        "11": [
            375.4149249801242,
            451.82914080574756
        ],
        "12": [
            407.78535430483134,
            316.8986008656003
        ],
        "13": [
            463.20745299706334,
            436.43672176320587
        ],
        "14": [
            90.19082899929685,
            201.99470473142026
        ],
        "15": [
            127.95620785596137,
            172.51897049057445
        ],
        "16": [
            132.370357309325,
            114.52679014804175
        ],
        "17": [
            167.24964002402962,
            119.71581476040927
        ],
        "18": [
            185.9704302343173,
            335.490099949613
        ],
        "19": [
            191.85547463138474,
            234.82679064649784
        ],
        "20": [
            235.99696916502086,
            330.8424139048584
        ],
        "21": [
            216.37803894253233,
            96.07766372612812
        ],
        "22": [
            294.851807002411,
            311.7030778005412
        ],
        "23": [
            278.1761312896635,
            146.82365779603438
        ],
        "24": [
            190.87406432309814,
            285.43570157274604
        ],
        "25": [
            269.34783238293625,
            9.069369959919317
        ],
        "26": [
            356.90372124325995,
            124.62252395520628
        ],
        "27": [
            300.4442581934135,
            396.25690993976986
        ],
        "28": [
            308.29114673724376,
            291.0802996867085
        ],
        "29": [
            284.7490163193045,
            94.47511562100024
        ],
        "30": [
            313.1957572409405,
            97.19382730443276
        ],
        "31": [
            290.63454892378934,
            272.964106653559
        ],
        "32": [
            323.0049782484558,
            130.72306657358834
        ],
        "33": [
            302.895953134019,
            276.55761416368705
        ],
        "34": [
            320.0619678479454,
            99.3997838311413
        ],
        "35": [
            322.51427309985473,
            140.63105390565485
        ],
        "36": [
            317.11920154574364,
            266.56364525891695
        ],
        "37": [
            309.76228579013764,
            160.11246416185395
        ],
        "38": [
            249.12213657026425,
            325.2551872787535
        ],
        "39": [
            258.66141507464556,
            470.70731894279766
        ],
        "40": [
            260.6232592761405,
            417.28655229830804
        ],
        "41": [
            269.4515581828677,
            227.08594149299506
        ],
        "42": [
            225.3100636491504,
            133.76350248328265
        ],
        "43": [
            233.15744045517076,
            262.41585961120165
        ],
        "44": [
            225.3100636491504,
            209.8727830405455
        ],
        "45": [
            255.90028778059303,
            8.21782246182438
        ],
        "46": [
            261.7853321943075,
            447.47644341090125
        ],
        "47": [
            328.48754685404026,
            401.17763665457255
        ],
        "48": [
            242.16640198822236,
            241.77111857857102
        ],
        "49": [
            269.6322208091515,
            121.26772243317413
        ],
        "50": [
            243.14732408896984,
            64.17432764983847
        ],
        "51": [
            259.82299980163623,
            460.93842855966915
        ],
        "52": [
            291.2125070255958,
            293.4041603305761
        ],
        "53": [
            202.1183491801773,
            197.95262115305505
        ],
        "54": [
            195.39259575558546,
            242.8292339470507
        ],
        "55": [
            213.71901255816988,
            186.37954784338004
        ],
        "56": [
            229.54513823728428,
            385.41850656769907
        ],
        "57": [
            247.9094605347792,
            368.4511645103692
        ],
        "58": [
            362.31772319188264,
            443.0564573729988
        ],
        "59": [
            384.15050796654646,
            464.2038084824433
        ],
        "60": [
            410.38305788833753,
            309.0016048965032
        ],
        "61": [
            457.0739491496893,
            402.2327287532704
        ],
        "62": [
            481.10641863417743,
            479.61829550641835
        ],
        "63": [
            108.08593573797076,
            152.29492441268678
        ],
        "64": [
            124.28642071098344,
            152.9991535522791
        ],
        "65": [
            112.08840849601062,
            165.67506323326867
        ],
        "66": [
            100.65277204445077,
            123.7725886574858
        ],
        "67": [
            136.86562080770332,
            108.9824183898122
        ],
        "68": [
            148.07283427241646,
            98.67015113528214
        ],
        "69": [
            78.77289738526702,
            57.1087833405781
        ],
        "70": [
            87.60119629195364,
            80.21942122524275
        ],
        "71": [
            225.65083411942015,
            171.0322817836108
        ],
        "72": [
            414.5625685629351,
            493.10213996777856
        ],
        "73": [
            499.9023032103602,
            310.06485818194454
        ]
    },
    "q": {
        "0": 1,
        "1": 2,
        "2": 3,
        "3": 1,
        "4": 2,
        "5": 1,
        "6": 1,
        "7": 2,
        "8": 1,
        "9": 2,
        "10": 1,
        "11": 1,
        "12": 2,
        "13": 1,
        "14": 1,
        "15": 1,
        "16": 2,
        "17": 1,
        "18": 2,
        "19": 1,
        "20": 1,
        "21": 2,
        "22": 1,
        "23": 1,
        "24": 3,
        "25": 2,
        "26": 2,
        "27": 1,
        "28": 1,
        "29": 2,
        "30": 1,
        "31": 1,
        "32": 1,
        "33": 2,
        "34": 3,
        "35": 3,
        "36": 2,
        "37": 1,
        "38": 2,
        "39": 1,
        "40": 3,
        "41": 1,
        "42": 1,
        "43": 2,
        "44": 1,
        "45": 1,
        "46": 1,
        "47": 3,
        "48": 1,
        "49": 2,
        "50": 1,
        "51": 1,
        "52": 1,
        "53": 1,
        "54": 2,
        "55": 1,
        "56": 2,
        "57": 1,